Roll number,GFG,Codeforces,Leetcode,Code Chef,Hackerrank
22R01A0435,22r01a0435,bhavana_1495,22r01a0435,b22r01a0435,Cmr_22r01a0435
22R01A0436,22R01A0436 ,jayakusuma,22R01A0436,22R01A0436,22R01A0436
22R01A0437,22r01aw080,9573522861,22r01a0437,rithishkumar,cmrit26437
22R01A0438,22r01ayzha,Shivabalaji_438,shivabalaji438,shiva438,Cmrit_22r01a0438
22R01A0439,#N/A,#N/A,#N/A,#N/A,MOHANMOGULAGANI
22R01A0440,22r01a0440,Salman_03,Mustaksalman,S22r01a0440,Salman
22R01A0441,22r01avqih,22r01a0441,22r01a0441,cmr22r01a0441,22r01a0441
22R01A0442,22r01a4fp8,22r01a0442,Abhi5255,abhi5255,22r01a0442
22R01A0443,22r01a3p6y,hyma443,22r01a0443,hyma_443,22r01a0443
22R01A0444,22r01a0444,Revathi._chowdary,Revathi444,r22r01a0444,Revathi._chowdary
22R01A0445,22r01am3ai,22r01a0445,22r01a0445,hima445,22r01a0445
22R01A0446,22r01a0446,jahnavi_46,nallapa_04,jahnavi_46,22r01a04461
22R01A0447,22r01aywrh,22R01A0447,22R01A0447,Cmrit22R01A044,22R01A0447
22R01A0448,nandusmacnq0,nandusmart9595,Kiran_448,Cuddly_rats_80,@nandusmart9595
22R01A0449,22r01a0449,Cmrit26_22R01A0449,22R01A0449,srikargoud,22r01a0449
22R01A0450,22r01a0450,22r01a0450,22r01a0450,n22r01a0450,22r01a0450
22R01A0451,22r01a0451,CMRIT26_22R01A0451,22r01a0451,cmrit26_451,22r01a0451
22R01A0452,Rupa0452,Rupa1234,Rupa0452,Rupa0452,Rupa0452
22R01A0453,22r01a0453,22r01a0453,22r01a0453,Cmr_22r01a0453,22r01a0453
22R01A0454,22r01a0454,teenasree,22R01A0454,cmr_22r01a0454,22r01a0454
22R01A0455,22r01a0455,22r01a0455,22r01a0455,ram22r01a0455,22r01a0455
22R01A0456,22r01a0456,22r01a0456,22r01a0456,cmrit26_456,22r01a0456
22R01A0457,22r01a0457,22r01a0457,22r01a0457,karthik_457,22r01a0457
22R01A0458,22r01a0458,22r01a0458,22r01a0458,22r01a0458,22r01a0458
22R01A0459,22r01a0459,Sabbusakethreddy,22r01a0459,Cmrit26_459,22r01a0459
22R01A0460,22r01a0460,Akshaya_24,akshaya78,akshayareddy78,22r01a0460
22R01A0461,22r01afz8s,22r01a0461 ,22R01A0461,cmrit_461,22R01A0461
22R01A0462,#N/A,#N/A,#N/A,#N/A,#N/A
22R01A0463,22r01a0463,cmrit26_22r01a0463,22r01a0463,bhanu463,22r01a0463
22R01A0464,22r01a0464,22r01a0464,22r01a0464y,s22r01a0464,22r01a0464
22R01A0465,22r01a0465,22r01a0465,22r01a0465,r22r01a0465,22r01a0465
22R01A0466,Manisha ,allammanisha25,allammaneesha,allammaneesha0,Cmrit26_22r01a0
22R01A0467,22r01a0467,chandu467,22r01a0467,chandu467,22r01a0467
22R01A0469,22r01a0469,22r01a0469,22r01a0469,m22r01a0469,22r01a0469
22R01A0470,#N/A,Nandini_470,#N/A,nandini_4_70,@balagoninandini1
22R01A0471,22r01a0471,22r01a0471,22r01a0471,cmr22r01a0471,22r01a0471A
22R01A0474,22r01A0474,22r01a0474,22r01a0474,niharika_474,22r01a0474
22R01A0475,22r01a0475,22r01a0475,22r01a0475,cmr22r01a0475,22r01a0475
22R01A0477,22r01ae7ig,Rahul10_7,22r01a0477,r01a0477,@22r01a0477
22R01A0478,@22r01a0478,@22r01a0478,Ch.Santhosh,22R01A0478,22R01A0478
